timestamp_ms,iso_time,gt_latitude,gt_longitude,gt_altitude,gt_accuracy,gt_speed,gt_bearing,est_latitude,est_longitude,pdr_error_meters,pdr_steps,pdr_step_length_m,pdr_heading_deg,pdr_distance_m,is_pdr_active,fault_mode,gnss_state,motion_context,gps_trust_score,spatial_variance_m,accel_x,accel_y,accel_z,linear_accel_x,linear_accel_y,linear_accel_z,gyro_x,gyro_y,gyro_z,mag_x,mag_y,mag_z,heading_deg,step_count,satellites_total,satellites_used,avg_cn0,is_stationary,assessment_reasons
1789286687921,2026-09-13 11:34:47.921,35.7570479,51.4420507,1377.699951171875,32.503998,0.0,0.0,35.7570479,51.442050699999996,6.411576E-10,0,0.7,126.90669,0.0,true,NORMAL,SUSPICIOUS,STATIONARY,0.20,0.00,-0.59136784,3.9600096,8.803479,0.61174154,-0.2562008,0.031564713,-0.1881465,-0.4025602,-0.25289822,-7.9199996,-21.779999,-28.14,126.90669,0,8,0,32.574997,false,"GNSS updates delayed (4.4s since last fix). | Reported accuracy degraded: ±32.5m"
1789286688125,2026-09-13 11:34:48.125,35.7570479,51.4420507,1377.699951171875,32.503998,0.0,0.0,35.7570479,51.442050699999996,6.411576E-10,0,0.7,128.79225,0.0,true,NORMAL,SUSPICIOUS,STATIONARY,0.20,0.00,-0.830788,4.4077253,8.599973,-0.019949198,0.46293306,-0.34158993,-0.15332718,-0.29443705,-0.21013765,-7.9199996,-20.939999,-27.96,128.79225,0,8,0,32.574997,false,"GNSS updates delayed (4.6s since last fix). | Reported accuracy degraded: ±32.5m"
1789286688326,2026-09-13 11:34:48.326,35.7570479,51.4420507,1377.699951171875,32.503998,0.0,0.0,35.7570479,51.442050699999996,6.411576E-10,0,0.7,130.52383,0.0,true,NORMAL,SUSPICIOUS,STATIONARY,0.20,0.00,-0.7158663,4.1419687,8.9040365,-0.0015580654,0.32792354,-0.10225105,-0.07819075,-0.09040806,0.08674286,-9.059999,-20.039999,-27.3,130.52383,0,7,0,30.385712,false,"GNSS updates delayed (4.8s since last fix). | Reported accuracy degraded: ±32.5m"
1789286688528,2026-09-13 11:34:48.528,35.7570479,51.4420507,1377.699951171875,32.503998,0.0,0.0,35.7570479,51.442050699999996,6.411576E-10,0,0.7,127.305,0.0,true,NORMAL,SUSPICIOUS,STATIONARY,0.20,0.00,-0.22266077,4.2904096,9.212888,0.45041078,0.32966685,0.26694584,0.03359759,0.172264,-0.1142318,-8.82,-20.16,-26.699999,127.305,0,7,0,30.385712,false,"GNSS updates delayed (5.0s since last fix). | Reported accuracy degraded: ±32.5m"
1789286688730,2026-09-13 11:34:48.730,35.7570479,51.4420507,1377.699951171875,32.503998,0.0,0.0,35.7570479,51.442050699999996,6.411576E-10,0,0.7,128.62868,0.0,true,NORMAL,SUSPICIOUS,PEDESTRIAN_WALK,0.20,0.00,-0.59376204,2.9951463,10.218452,-0.038104117,-0.8442273,1.2117414,-0.17287487,-0.15393804,-0.27916542,-8.5199995,-20.34,-27.06,128.62868,0,7,0,30.385712,false,"GNSS updates delayed (5.2s since last fix). | Reported accuracy degraded: ±32.5m"
1789286688931,2026-09-13 11:34:48.931,35.7570479,51.4420507,1377.699951171875,32.503998,0.0,0.0,35.7570479,51.442050699999996,6.411576E-10,0,0.7,130.32916,0.0,true,NORMAL,SUSPICIOUS,PEDESTRIAN_WALK,0.20,0.00,-1.5107412,3.0023289,9.165004,-0.6662564,-0.56728506,0.07021999,-0.08246681,-0.05009095,0.061086524,-7.5,-19.619999,-26.82,130.32916,0,8,0,30.437498,false,"GNSS updates delayed (5.4s since last fix). | Reported accuracy degraded: ±32.5m"
1789286689133,2026-09-13 11:34:49.133,35.7570479,51.4420507,1377.699951171875,32.503998,0.0,0.0,35.7570479,51.442050699999996,6.411576E-10,0,0.7,130.53917,0.0,true,NORMAL,SUSPICIOUS,STATIONARY,0.20,0.00,-0.93852705,3.4691982,9.215282,0.14831465,0.25116825,0.015639305,-0.106901415,-0.10567969,-0.027488936,-8.099999,-19.26,-27.96,130.53917,0,8,0,30.437498,false,"GNSS updates delayed (5.6s since last fix). | Reported accuracy degraded: ±32.5m"
1789286689341,2026-09-13 11:34:49.341,35.7570479,51.4420507,1377.699951171875,32.503998,0.0,0.0,35.7570479,51.442050699999996,6.411576E-10,0,0.7,131.46567,0.0,true,NORMAL,SUSPICIOUS,STATIONARY,0.20,0.00,-1.3072342,3.4141316,8.851364,-0.22818911,0.22000647,-0.35752392,0.07452556,-0.26511553,0.10567969,-6.72,-19.38,-26.76,131.46567,0,8,0,30.437498,false,"GNSS updates delayed (5.8s since last fix). | Reported accuracy degraded: ±32.5m"
1789286689544,2026-09-13 11:34:49.544,35.7570479,51.4420507,1377.699951171875,32.503998,0.0,0.0,35.7570479,51.442050699999996,6.411576E-10,0,0.7,133.2679,0.0,true,NORMAL,SUSPICIOUS,PEDESTRIAN_WALK,0.05,0.00,-2.6408045,3.928885,9.950302,-1.3564187,1.0575168,0.66181564,-1.4159856,0.98654735,0.042760566,-8.58,-19.619999,-27.119999,133.2679,0,8,0,30.437498,false,"GNSS updates delayed (6.0s since last fix). | Reported accuracy degraded: ±32.5m | Kinematic Inconsistency: Walking strides detected while GNSS position is frozen."
1789286689744,2026-09-13 11:34:49.744,35.7570479,51.4420507,1377.699951171875,32.503998,0.0,0.0,35.7570479,51.442050699999996,6.411576E-10,0,0.7,128.47789,0.0,true,NORMAL,SUSPICIOUS,PEDESTRIAN_WALK,0.20,0.00,-4.4484267,1.685518,10.311827,-1.0424352,-0.30437016,1.3335218,2.6859746,-5.5283303,-1.1435398,0.96,-14.28,-34.26,128.47789,0,8,0,30.437498,false,"GNSS updates delayed (6.2s since last fix). | Reported accuracy degraded: ±32.5m"
1789286689945,2026-09-13 11:34:49.945,35.7570479,51.4420507,1377.699951171875,32.503998,0.0,0.0,35.7570479,51.442050699999996,6.411576E-10,0,0.7,135.6632,0.0,true,NORMAL,SUSPICIOUS,PEDESTRIAN_WALK,0.05,0.00,0.7517793,2.9735985,7.103596,0.2912191,-0.10670781,-2.1953273,-0.5137377,0.46609017,0.01160644,-12.3,-21.3,-26.699999,135.6632,0,8,0,29.8375,false,"GNSS updates delayed (6.4s since last fix). | Reported accuracy degraded: ±32.5m | Kinematic Inconsistency: Walking strides detected while GNSS position is frozen."
1789286690147,2026-09-13 11:34:50.147,35.7570479,51.4420507,1377.699951171875,32.503998,0.0,0.0,35.75704373800496,51.44205481023666,0.5930718,1,0.5930718,141.29095,0.5930718,true,NORMAL,SUSPICIOUS,PEDESTRIAN_WALK,0.20,0.00,0.18435353,1.1085154,10.366894,0.1636528,-0.7663696,0.74115944,-0.089186326,-0.047036625,-0.18570304,-10.5,-20.279999,-28.38,141.29095,0,8,0,29.8375,false,"GNSS updates delayed (6.6s since last fix). | Reported accuracy degraded: ±32.5m"
1789286690349,2026-09-13 11:34:50.349,35.7570479,51.4420507,1377.699951171875,32.503998,0.0,0.0,35.75704373800496,51.44205481023666,0.5930718,1,0.5930718,143.98349,0.5930718,true,NORMAL,SUSPICIOUS,STATIONARY,0.20,0.00,-0.06703765,2.018312,9.710882,-0.0408663,0.14824963,0.08422279,0.12950343,-0.03359759,-0.06780604,-10.62,-18.779999,-26.46,143.98349,0,8,0,29.8375,false,"GNSS updates delayed (6.8s since last fix). | Reported accuracy degraded: ±32.5m"
1789286690551,2026-09-13 11:34:50.551,35.7570479,51.4420507,1377.699951171875,32.503998,0.0,0.0,35.75704373800496,51.44205481023666,0.5930718,1,0.5930718,144.03752,0.5930718,true,NORMAL,UNAVAILABLE,STATIONARY,0.00,0.00,-0.25139117,2.5378537,9.61272,0.09071812,0.48584914,0.029263496,0.10873401,0.1863139,0.18387043,-8.58,-21.06,-29.039999,144.03752,0,8,0,29.8375,false,"GNSS update timeout (> 7.0s). Signal lost."
1789286690751,2026-09-13 11:34:50.751,35.7570479,51.4420507,1377.699951171875,32.503998,0.0,0.0,35.75704373800496,51.44205481023666,0.5930718,1,0.5930718,142.14066,0.5930718,true,NORMAL,UNAVAILABLE,STATIONARY,0.00,0.00,-0.6847417,3.0669725,9.545682,-0.29809475,0.46366572,0.09879494,0.10751228,0.07696902,0.32803464,-9.24,-21.3,-27.66,142.14066,0,6,0,35.25,false,"GNSS update timeout (> 7.0s). Signal lost."
1789286690953,2026-09-13 11:34:50.953,35.7570479,51.4420507,1377.699951171875,32.503998,0.0,0.0,35.75704373800496,51.44205481023666,0.5930718,1,0.5930718,136.6349,0.5930718,true,NORMAL,UNAVAILABLE,PEDESTRIAN_WALK,0.00,0.00,0.2681506,1.6519991,9.818622,0.5928352,-1.2040106,0.44268608,0.6951646,0.15027285,0.46670106,-10.32,-18.119999,-26.46,136.6349,0,6,0,35.25,false,"GNSS update timeout (> 7.0s). Signal lost."
1789286691153,2026-09-13 11:34:51.153,35.7570479,51.4420507,1377.699951171875,32.503998,0.0,0.0,35.75704373800496,51.44205481023666,0.5930718,1,0.5930718,129.41536,0.5930718,true,NORMAL,UNAVAILABLE,PEDESTRIAN_WALK,0.00,0.00,-0.58657944,2.1140802,9.433155,-0.13926455,-1.3146551,0.2563324,0.008552114,0.03176499,0.07696902,-10.8,-19.32,-26.22,129.41536,0,6,0,35.25,false,"GNSS update timeout (> 7.0s). Signal lost."
1789286691354,2026-09-13 11:34:51.354,35.7570479,51.4420507,1377.699951171875,32.503998,0.0,0.0,35.75704373800496,51.44205481023666,0.5930718,1,0.5930718,130.31105,0.5930718,true,NORMAL,UNAVAILABLE,PEDESTRIAN_WALK,0.00,0.00,-0.2705448,2.8778305,8.295909,0.12981859,-0.22540379,-0.9981766,0.0030543262,-0.073303826,-0.24862215,-11.34,-19.08,-26.46,130.31105,0,6,0,35.25,false,"GNSS update timeout (> 7.0s). Signal lost."
1789286691556,2026-09-13 11:34:51.556,35.7570479,51.4420507,1377.699951171875,32.503998,0.0,0.0,35.75704373800496,51.44205481023666,0.5930718,1,0.5930718,135.78667,0.5930718,true,NORMAL,UNAVAILABLE,STATIONARY,0.00,0.00,-0.02633622,3.430891,9.689334,-0.25992826,0.22949362,0.4228964,-0.11178834,-0.20280726,-0.65179324,-12.36,-20.52,-24.72,135.78667,0,6,0,35.25,false,"GNSS update timeout (> 7.0s). Signal lost."
1789286691756,2026-09-13 11:34:51.756,35.7570479,51.4420507,1377.699951171875,32.503998,0.0,0.0,35.75704373800496,51.44205481023666,0.5930718,1,0.5930718,140.5117,0.5930718,true,NORMAL,UNAVAILABLE,PEDESTRIAN_WALK,0.00,0.00,0.14604631,3.0358477,10.21127,-0.46243754,0.3593583,0.7965727,0.035430185,-0.93951076,-0.06658431,-12.48,-19.98,-24.84,140.5117,0,5,0,39.54,false,"GNSS update timeout (> 7.0s). Signal lost."
1789286691958,2026-09-13 11:34:51.958,35.7570479,51.4420507,1377.699951171875,32.503998,0.0,0.0,35.75704373800496,51.44205481023666,0.5930718,1,0.5930718,145.40775,0.5930718,true,NORMAL,UNAVAILABLE,PEDESTRIAN_WALK,0.00,0.00,0.038307227,0.6991069,9.935937,-0.68607676,-0.9979046,0.30443668,-0.7800749,-0.25411993,-0.20525073,-13.799999,-19.5,-23.519999,145.40775,0,5,0,39.54,false,"GNSS update timeout (> 7.0s). Signal lost."
1789286692160,2026-09-13 11:34:52.160,35.7570479,51.4420507,1377.699951171875,32.503998,0.0,0.0,35.75704373800496,51.44205481023666,0.5930718,1,0.5930718,145.3394,0.5930718,true,NORMAL,UNAVAILABLE,PEDESTRIAN_WALK,0.00,0.00,0.29448682,0.6607997,9.112331,-0.10669273,-1.3031063,-0.48727894,0.45142943,0.2761111,-0.057421334,-12.96,-19.8,-23.88,145.3394,0,5,0,39.54,false,"GNSS update timeout (> 7.0s). Signal lost."
1789286692362,2026-09-13 11:34:52.362,35.7570479,51.4420507,1377.699951171875,32.503998,0.0,0.0,35.75704373800496,51.44205481023666,0.5930718,1,0.5930718,144.7637,0.5930718,true,NORMAL,UNAVAILABLE,STATIONARY,0.00,0.00,1.3359646,2.2218192,9.531317,0.44680232,-0.1826117,0.065668106,0.42577308,-0.5137377,-0.2565634,-13.5,-21.42,-21.18,144.7637,0,5,0,39.54,false,"GNSS update timeout (> 7.0s). Signal lost."
1789286692570,2026-09-13 11:34:52.570,35.7570479,51.4420507,1377.699951171875,32.503998,0.0,0.0,35.75704373800496,51.44205481023666,0.5930718,1,0.5930718,145.72441,0.5930718,true,NORMAL,UNAVAILABLE,STATIONARY,0.00,0.00,1.2282255,2.3630772,9.3733,0.32959646,-0.05753231,-0.08732891,-0.24801129,-0.12767084,-0.028099801,-13.559999,-22.8,-22.38,145.72441,0,5,0,39.54,false,"GNSS update timeout (> 7.0s). Signal lost."
1789286692772,2026-09-13 11:34:52.772,35.7570479,51.4420507,1377.699951171875,32.503998,0.0,0.0,35.75704373800496,51.44205481023666,0.5930718,1,0.5930718,145.36984,0.5930718,true,NORMAL,UNAVAILABLE,STATIONARY,0.00,0.00,0.59855044,2.669535,9.260772,-0.31987095,0.24825478,-0.19778442,0.028099801,-0.06963864,0.037873644,-12.9,-22.5,-21.9,145.36984,0,5,0,39.2,false,"GNSS update timeout (> 7.0s). Signal lost."
1789286692974,2026-09-13 11:34:52.974,35.7570479,51.4420507,1377.699951171875,32.503998,0.0,0.0,35.75704373800496,51.44205481023666,0.5930718,1,0.5930718,145.77652,0.5930718,true,NORMAL,UNAVAILABLE,STATIONARY,0.00,0.00,0.9840169,2.2146366,9.773131,0.070314646,-0.21534848,0.31634998,0.15210545,-0.12156218,-0.06780604,-12.42,-22.32,-21.24,145.77652,0,5,0,39.2,false,"GNSS update timeout (> 7.0s). Signal lost."
1789286693175,2026-09-13 11:34:53.175,35.7570479,51.4420507,1377.699951171875,32.503998,0.0,0.0,35.75704373800496,51.44205481023666,0.5930718,1,0.5930718,146.52205,0.5930718,true,NORMAL,UNAVAILABLE,STATIONARY,0.00,0.00,1.1061212,2.6168625,9.478644,0.12801403,0.012801886,0.07478523,-0.019547688,-0.0421497,-0.14782938,-14.759999,-23.76,-21.9,146.52205,0,5,0,39.2,false,"GNSS update timeout (> 7.0s). Signal lost."
1789286693377,2026-09-13 11:34:53.377,35.7570479,51.4420507,1377.699951171875,32.503998,0.0,0.0,35.75704373800496,51.44205481023666,0.5930718,1,0.5930718,147.64519,0.5930718,true,NORMAL,UNAVAILABLE,STATIONARY,0.00,0.00,0.8499416,2.6168625,9.993398,-0.22370195,0.036434412,0.59344673,0.047036625,0.10262536,0.029321533,-12.9,-23.46,-21.779999,147.64519,0,5,0,39.2,false,"GNSS update timeout (> 7.0s). Signal lost."
1789286693578,2026-09-13 11:34:53.578,35.7570479,51.4420507,1377.699951171875,32.503998,0.0,0.0,35.75704373800496,51.44205481023666,0.5930718,1,0.5930718,144.57655,0.5930718,true,NORMAL,UNAVAILABLE,STATIONARY,0.00,0.00,1.1492168,3.4476504,9.330204,0.19280559,0.46591282,0.03693199,0.06352998,0.15943582,0.3213151,-14.099999,-23.64,-21.0,144.57655,0,5,0,39.2,false,"GNSS update timeout (> 7.0s). Signal lost."
1789286693780,2026-09-13 11:34:53.780,35.7570479,51.4420507,1377.699951171875,32.503998,0.0,0.0,35.75704373800496,51.44205481023666,0.5930718,1,0.5930718,138.76163,0.5930718,true,NORMAL,UNAVAILABLE,STATIONARY,0.00,0.00,0.6344634,3.4404678,9.399636,-0.16527927,0.023752213,0.24229717,0.27672195,0.19608775,0.5876524,-13.62,-22.32,-21.0,138.76163,0,5,0,38.82,false,"GNSS update timeout (> 7.0s). Signal lost."
1789286693982,2026-09-13 11:34:53.982,35.7570479,51.4420507,1377.699951171875,32.503998,0.0,0.0,35.75704373800496,51.44205481023666,0.5930718,1,0.5930718,130.50891,0.5930718,true,NORMAL,UNAVAILABLE,PEDESTRIAN_WALK,0.00,0.00,0.6775591,3.122039,9.82341,0.16420346,-0.4935887,0.72208595,0.31520647,0.28038713,0.7892379,-13.2,-21.18,-22.68,130.50891,0,5,0,38.82,false,"GNSS update timeout (> 7.0s). Signal lost."
1789286694184,2026-09-13 11:34:54.184,35.7570479,51.4420507,1377.699951171875,32.503998,0.0,0.0,35.75704373800496,51.44205481023666,0.5930718,1,0.5930718,124.32764,0.5930718,true,NORMAL,UNAVAILABLE,PEDESTRIAN_WALK,0.00,0.00,-0.2633622,3.9336734,9.006987,-0.83062077,0.004425764,0.039845467,0.084910266,0.4166101,0.52839845,-14.34,-20.58,-22.14,124.32764,0,5,0,38.82,false,"GNSS update timeout (> 7.0s). Signal lost."
1789286694386,2026-09-13 11:34:54.386,35.7570479,51.4420507,1377.699951171875,32.503998,0.0,0.0,35.75704373800496,51.44205481023666,0.5930718,1,0.5930718,117.66614,0.5930718,true,NORMAL,UNAVAILABLE,PEDESTRIAN_WALK,0.00,0.00,-0.62249243,4.175488,8.319851,-0.42980963,0.22328329,-0.65307236,0.2284636,0.19058995,0.77213365,-13.679999,-17.58,-22.74,117.66614,0,5,0,38.82,false,"GNSS update timeout (> 7.0s). Signal lost."
1789286694591,2026-09-13 11:34:54.591,35.7570479,51.4420507,1377.699951171875,32.503998,0.0,0.0,35.75704373800496,51.44205481023666,0.5930718,1,0.5930718,109.41184,0.5930718,true,NORMAL,UNAVAILABLE,PEDESTRIAN_WALK,0.00,0.00,-0.6631939,4.9775453,8.391677,-0.40075627,0.6838794,-0.42115116,0.16065755,0.49846604,0.5919284,-14.58,-16.92,-25.08,109.41184,0,5,0,38.82,false,"GNSS update timeout (> 7.0s). Signal lost."
1789286694793,2026-09-13 11:34:54.793,35.7570479,51.4420507,1377.699951171875,32.503998,0.0,0.0,35.75704373800496,51.44205481023666,0.5930718,1,0.5930718,97.39903,0.5930718,true,NORMAL,UNAVAILABLE,STATIONARY,0.00,0.00,-0.4261679,4.9464207,8.580819,0.023463577,0.15719604,0.03496933,0.03359759,0.39095375,0.56382865,-14.82,-16.38,-25.5,97.39903,0,5,0,38.480003,false,"GNSS update timeout (> 7.0s). Signal lost."
1789286694994,2026-09-13 11:34:54.994,35.7570479,51.4420507,1377.699951171875,32.503998,0.0,0.0,35.75704373800496,51.44205481023666,0.5930718,1,0.5930718,86.20821,0.5930718,true,NORMAL,UNAVAILABLE,STATIONARY,0.00,0.00,0.4429273,5.705383,8.24563,0.4827917,0.47672224,-0.050748825,0.32375857,0.11484267,0.29749137,-15.12,-13.2,-25.38,86.20821,0,5,0,38.480003,false,"GNSS update timeout (> 7.0s). Signal lost."
1789286695196,2026-09-13 11:34:55.196,35.7570479,51.4420507,1377.699951171875,32.503998,0.0,0.0,35.75704373800496,51.44205481023666,0.5930718,1,0.5930718,80.05628,0.5930718,true,NORMAL,UNAVAILABLE,STATIONARY,0.00,0.00,-0.009576807,5.8107276,7.881712,0.07977204,-0.023768425,2.002716E-5,0.0012217305,0.02321288,-0.20647246,-14.88,-13.74,-24.779999,80.05628,0,5,5,38.120003,true,"GNSS update timeout (> 7.0s). Signal lost."
1789286695398,2026-09-13 11:34:55.398,35.7570479,51.4420507,1377.699951171875,32.503998,0.0,0.0,35.75704373800496,51.44205481023666,0.5930718,1,0.5930718,81.5171,0.5930718,true,NORMAL,UNAVAILABLE,PEDESTRIAN_WALK,0.00,0.00,1.5969325,3.9839516,8.274361,2.057839,-1.873158,0.4224682,0.28405234,0.15515977,-0.29810223,-15.059999,-14.82,-24.84,81.5171,0,5,5,38.120003,false,"GNSS update timeout (> 7.0s). Signal lost."
1789286695599,2026-09-13 11:34:55.599,35.7570479,51.4420507,1377.699951171875,32.503998,0.0,0.0,35.75704373800496,51.44205481023666,0.5930718,1,0.5930718,85.11924,0.5930718,true,NORMAL,UNAVAILABLE,PEDESTRIAN_WALK,0.00,0.00,0.8762778,5.3582234,7.6255326,1.1540642,-0.3988695,-0.30851507,-0.02687807,-0.27550024,-0.33475417,-15.0,-16.859999,-24.84,85.11924,0,5,5,38.120003,false,"GNSS update timeout (> 7.0s). Signal lost."
1789286695800,2026-09-13 11:34:55.800,35.7570479,51.4420507,1377.699951171875,32.503998,0.0,0.0,35.75704373800496,51.44205481023666,0.5930718,1,0.5930718,94.40401,0.5930718,true,NORMAL,UNAVAILABLE,PEDESTRIAN_WALK,0.00,0.00,0.93613285,5.911284,8.542512,0.49888942,0.21421242,0.5724063,-0.15821409,-0.22113322,-0.6218608,-14.58,-20.22,-23.82,94.40401,0,5,5,38.120003,false,"GNSS update timeout (> 7.0s). Signal lost."
1789286696002,2026-09-13 11:34:56.002,35.7570479,51.4420507,1377.699951171875,32.503998,0.0,0.0,35.75704373800496,51.44205481023666,0.5930718,1,0.5930718,103.97627,0.5930718,true,NORMAL,UNAVAILABLE,STATIONARY,0.00,0.00,0.6847417,6.136339,8.003817,0.30385464,0.2020526,0.20576763,0.17348573,-0.049480084,-0.5503896,-13.679999,-22.859999,-24.48,103.97627,0,6,3,35.56666,false,"GNSS update timeout (> 7.0s). Signal lost."
1789286696203,2026-09-13 11:34:56.203,35.7570479,51.4420507,1377.699951171875,32.503998,0.0,0.0,35.75704373800496,51.44205481023666,0.5930718,1,0.5930718,115.49751,0.5930718,true,NORMAL,UNAVAILABLE,PEDESTRIAN_WALK,0.00,0.00,0.016759412,4.074931,8.74123,-0.08511867,-1.5726857,0.72472,-0.03481932,-0.64934975,-1.0983357,-11.34,-23.82,-23.519999,115.49751,0,6,3,35.56666,false,"GNSS update timeout (> 7.0s). Signal lost."
1789286696405,2026-09-13 11:34:56.405,35.7570479,51.4420507,1377.699951171875,32.503998,0.0,0.0,35.75704373800496,51.44205481023666,0.5930718,1,0.5930718,132.49068,0.5930718,true,NORMAL,UNAVAILABLE,PEDESTRIAN_WALK,0.00,0.00,0.4165911,3.7253778,9.94312,0.29929158,-1.5254548,1.6614904,-0.36651915,-0.91446525,-1.3206906,-11.28,-27.72,-22.38,132.49068,0,6,3,35.56666,false,"GNSS update timeout (> 7.0s). Signal lost."
1789286696606,2026-09-13 11:34:56.606,35.7570479,51.4420507,1377.699951171875,32.503998,0.0,0.0,35.75704373800496,51.44205481023666,0.5930718,1,0.5930718,152.75397,0.5930718,true,NORMAL,UNAVAILABLE,PEDESTRIAN_WALK,0.00,0.00,-0.9840169,4.3167458,9.131485,-1.1899894,-0.6729727,0.691658,-0.015271631,-0.91813046,-1.2962561,-8.099999,-31.439999,-21.06,152.75397,0,6,3,35.56666,false,"GNSS update timeout (> 7.0s). Signal lost."
1789286696808,2026-09-13 11:34:56.808,35.7570479,51.4420507,1377.699951171875,32.503998,0.0,0.0,35.75704373800496,51.44205481023666,0.5930718,1,0.5930718,166.75096,0.5930718,true,NORMAL,UNAVAILABLE,STATIONARY,0.00,0.00,-0.89064306,5.379771,8.343793,-0.54563487,0.2940426,-0.03395939,-0.07452556,-0.50762904,-0.88270026,-5.52,-32.94,-18.359999,166.75096,0,6,3,35.56666,false,"GNSS update timeout (> 7.0s). Signal lost."
1789286697009,2026-09-13 11:34:57.009,35.7570479,51.4420507,1377.699951171875,32.503998,0.0,0.0,35.75704373800496,51.44205481023666,0.5930718,1,0.5930718,173.61389,0.5930718,true,NORMAL,UNAVAILABLE,PEDESTRIAN_WALK,0.00,0.00,1.1851299,5.231331,9.016563,1.5164375,0.37720966,0.5019798,-0.23884831,-0.5491679,-0.89552844,-3.06,-34.68,-19.56,173.61389,0,9,0,37.055557,false,"GNSS update timeout (> 7.0s). Signal lost."
1789286697211,2026-09-13 11:34:57.211,35.7570479,51.4420507,1377.699951171875,32.503998,0.0,0.0,35.75704373800496,51.44205481023666,0.5930718,1,0.5930718,181.71223,0.5930718,true,NORMAL,UNAVAILABLE,PEDESTRIAN_WALK,0.00,0.00,1.4628572,3.1842883,7.608773,1.2231922,-1.27965,-1.1196976,-0.1441642,-0.43676865,-0.88514376,-1.9799999,-33.6,-18.66,181.71223,0,9,0,37.055557,false,"GNSS update timeout (> 7.0s). Signal lost."
1789286697413,2026-09-13 11:34:57.413,35.7570479,51.4420507,1377.699951171875,32.503998,0.0,0.0,35.75704373800496,51.44205481023666,0.5930718,1,0.5930718,185.89694,0.5930718,true,NORMAL,UNAVAILABLE,PEDESTRIAN_WALK,0.00,0.00,0.5291186,4.9081135,8.267179,0.66038316,0.7539201,-0.6151533,-0.18936823,-0.2761111,-0.7153232,1.02,-34.5,-20.279999,185.89694,0,9,0,37.055557,false,"GNSS update timeout (> 7.0s). Signal lost."
1789286697621,2026-09-13 11:34:57.621,35.7570479,51.4420507,1377.699951171875,32.503998,0.0,0.0,35.75704373800496,51.44205481023666,0.5930718,1,0.5930718,189.31003,0.5930718,true,NORMAL,UNAVAILABLE,PEDESTRIAN_WALK,0.00,0.00,-0.23942018,5.33907,9.476251,-0.008005053,0.88418245,0.7429342,-0.07819075,0.1020145,-0.321926,3.54,-33.899998,-20.88,189.31003,0,9,0,37.055557,false,"GNSS update timeout (> 7.0s). Signal lost."
1789286697823,2026-09-13 11:34:57.823,35.7570479,51.4420507,1377.699951171875,32.503998,0.0,0.0,35.75704373800496,51.44205481023666,0.5930718,1,0.5930718,190.6598,0.5930718,true,NORMAL,UNAVAILABLE,PEDESTRIAN_WALK,0.00,0.00,-0.8379706,2.9759927,10.45069,-0.2611552,-1.1620679,1.5785923,0.08857546,-0.2602286,0.15332718,5.16,-33.3,-22.08,190.6598,0,9,0,37.055557,false,"GNSS update timeout (> 7.0s). Signal lost."
1789286698025,2026-09-13 11:34:58.025,35.38843546528369,51.38384378515184,233.0,12.0,62.37,148.1,35.75704373800496,51.44205481023666,41324.113,1,0.5930718,188.21626,0.5930718,true,NORMAL,SUSPICIOUS,VEHICLE_TRANSIT,0.84,0.00,0.6512229,2.9735985,9.540894,0.94383675,-1.1352105,0.64131737,-0.30482176,-0.2144137,-0.02321288,4.2599998,-35.52,-22.08,188.21626,0,9,8,36.755554,false,"Unrealistic GPS speed reported: 224.5 km/h."
1789286698227,2026-09-13 11:34:58.227,35.38843546528369,51.38384378515184,233.0,12.0,62.37,148.1,35.75704373800496,51.44205481023666,41324.113,1,0.5930718,187.42673,0.5930718,true,NORMAL,SUSPICIOUS,VEHICLE_TRANSIT,0.84,0.00,-0.033518825,4.3526587,9.299079,0.1588572,0.44922614,0.30482578,0.01038471,-0.14782938,0.06352998,4.3199997,-34.14,-23.16,187.42673,0,9,8,36.755554,false,"Unrealistic GPS speed reported: 224.5 km/h."
1789286698427,2026-09-13 11:34:58.427,35.38843546528369,51.38384378515184,233.0,12.0,62.37,148.1,35.75704373800496,51.44205481023666,41324.113,1,0.5930718,189.36484,0.5930718,true,NORMAL,SUSPICIOUS,VEHICLE_TRANSIT,0.84,0.00,0.7445967,5.427655,9.251195,0.4623048,1.1734047,0.41988373,0.19120082,-0.45875978,-0.23273966,3.36,-34.38,-23.64,189.36484,0,9,8,36.755554,false,"Unrealistic GPS speed reported: 224.5 km/h."
1789286698629,2026-09-13 11:34:58.629,35.38843546528369,51.38384378515184,233.0,12.0,62.37,148.1,35.75704373800496,51.44205481023666,41324.113,1,0.5930718,194.65839,0.5930718,true,NORMAL,SUSPICIOUS,VEHICLE_TRANSIT,0.84,0.00,1.42455,2.3056161,8.889671,0.71620977,-1.6502466,-0.055706978,0.78984874,-0.015882496,-0.2919936,3.36,-32.46,-24.18,194.65839,0,9,8,36.755554,false,"Unrealistic GPS speed reported: 224.5 km/h."
1789286698831,2026-09-13 11:34:58.831,35.38843546528369,51.38384378515184,233.0,12.0,62.37,148.1,35.75704373800496,51.44205481023666,41324.113,1,0.5930718,201.32816,0.5930718,true,NORMAL,SUSPICIOUS,VEHICLE_TRANSIT,0.84,0.00,0.033518825,3.9145198,7.6231384,-0.30155566,-0.26843214,-1.2403269,-0.16798794,0.19425514,-0.3463606,5.16,-33.3,-23.4,201.32816,0,9,8,36.755554,false,"Unrealistic GPS speed reported: 224.5 km/h."
1789286699033,2026-09-13 11:34:59.033,35.38843546528369,51.38384378515184,233.0,12.0,62.37,148.1,35.75704373800496,51.44205481023666,41324.113,1,0.5930718,203.11888,0.5930718,true,NORMAL,SUSPICIOUS,VEHICLE_TRANSIT,0.59,0.00,-0.088585466,4.4723687,9.160215,0.09941234,0.6481912,0.13188744,-0.22418754,0.2125811,-0.16615535,8.5199995,-32.219997,-25.26,203.11888,0,9,3,36.233334,false,"Unrealistic GPS speed reported: 224.5 km/h. | Low satellite count in fix (3 satellites)."
1789286699234,2026-09-13 11:34:59.234,35.38843546528369,51.38384378515184,233.0,12.0,62.37,148.1,35.75704373800496,51.44205481023666,41324.113,1,0.5930718,203.33762,0.5930718,true,NORMAL,SUSPICIOUS,VEHICLE_TRANSIT,0.59,0.00,-0.7637503,3.8786068,10.218452,-0.15271485,0.29293847,1.111311,-0.34025195,-0.03970624,-0.09590584,9.96,-30.48,-25.019999,203.33762,0,9,3,36.233334,false,"Unrealistic GPS speed reported: 224.5 km/h. | Low satellite count in fix (3 satellites)."
1789286699436,2026-09-13 11:34:59.436,35.38843546528369,51.38384378515184,233.0,12.0,62.37,148.1,35.75704373800496,51.44205481023666,41324.113,1,0.5930718,201.52632,0.5930718,true,NORMAL,SUSPICIOUS,VEHICLE_TRANSIT,0.59,0.00,-0.7733272,2.078167,8.319851,-0.24101019,-1.3125732,-0.86654663,0.13316862,-0.15821409,0.3182608,10.38,-30.42,-26.039999,201.52632,0,9,3,36.233334,false,"Unrealistic GPS speed reported: 224.5 km/h. | Low satellite count in fix (3 satellites)."
1789286699638,2026-09-13 11:34:59.638,35.38843546528369,51.38384378515184,233.0,12.0,62.37,148.1,35.75704373800496,51.44205481023666,41324.113,1,0.5930718,200.22403,0.5930718,true,NORMAL,SUSPICIOUS,VEHICLE_TRANSIT,0.59,0.00,0.20350714,2.4516625,8.573636,0.49294722,-0.65594983,-0.72310257,0.18509217,0.20097467,0.076358154,8.34,-30.9,-26.699999,200.22403,0,9,3,36.233334,false,"Unrealistic GPS speed reported: 224.5 km/h. | Low satellite count in fix (3 satellites)."
1789286699845,2026-09-13 11:34:59.845,35.38843546528369,51.38384378515184,233.0,12.0,62.37,148.1,35.75704373800496,51.44205481023666,41324.113,1,0.5930718,201.22566,0.5930718,true,NORMAL,SUSPICIOUS,VEHICLE_TRANSIT,0.59,0.00,0.49081135,3.7253778,9.203311,0.37334245,0.4903288,-0.053634644,0.03176499,-0.32742378,-0.35002577,7.2,-31.38,-26.039999,201.22566,0,9,3,36.233334,false,"Unrealistic GPS speed reported: 224.5 km/h. | Low satellite count in fix (3 satellites)."
1789286700047,2026-09-13 11:35:00.047,35.38843546528369,51.38384378515184,233.0,12.0,62.37,148.1,35.75704373800496,51.44205481023666,41324.113,1,0.5930718,206.77925,0.5930718,true,NORMAL,SUSPICIOUS,VEHICLE_TRANSIT,0.59,0.00,1.6041151,3.643975,10.189722,1.0708984,0.31028986,0.9825182,-0.6774496,-0.49602258,-0.9254609,8.16,-31.56,-25.14,206.77925,0,9,3,35.66667,false,"Unrealistic GPS speed reported: 224.5 km/h. | Low satellite count in fix (3 satellites)."
1789286700249,2026-09-13 11:35:00.249,35.38843546528369,51.38384378515184,233.0,12.0,62.37,148.1,35.75704373800496,51.44205481023666,41324.113,1,0.5930718,224.20174,0.5930718,true,NORMAL,SUSPICIOUS,VEHICLE_TRANSIT,0.59,0.00,-0.6823475,0.62488663,8.061277,1.0229485,-1.7583016,-1.2972889,1.3775011,0.66339964,-1.4202617,16.32,-26.099998,-27.599998,224.20174,0,9,3,35.66667,false,"Unrealistic GPS speed reported: 224.5 km/h. | Low satellite count in fix (3 satellites)."
1789286700451,2026-09-13 11:35:00.451,35.38843546528369,51.38384378515184,233.0,12.0,62.37,148.1,35.75704373800496,51.44205481023666,41324.113,1,0.5930718,237.09612,0.5930718,true,NORMAL,SUSPICIOUS,VEHICLE_TRANSIT,0.59,0.00,-2.0757728,0.4189853,9.854534,-0.5935652,-0.6393011,0.21848297,-0.9767735,0.040317107,-1.078788,20.34,-20.22,-29.699999,237.09612,0,9,3,35.66667,false,"Unrealistic GPS speed reported: 224.5 km/h. | Low satellite count in fix (3 satellites)."
1789286700653,2026-09-13 11:35:00.653,35.38843546528369,51.38384378515184,233.0,12.0,62.37,148.1,35.75704373800496,51.44205481023666,41324.113,1,0.5930718,247.9913,0.5930718,true,NORMAL,SUSPICIOUS,PEDESTRIAN_WALK,0.59,0.00,-0.9576807,3.6032736,6.4308257,-1.7879355,-0.68762565,-2.348084,2.8166997,-0.73364913,0.0030543262,18.42,-22.74,-28.5,247.9913,0,9,3,35.66667,false,"Unrealistic GPS speed reported: 224.5 km/h. | Low satellite count in fix (3 satellites)."
1789286700856,2026-09-13 11:35:00.856,35.38843546528369,51.38384378515184,233.0,12.0,62.37,148.1,35.75704373800496,51.44205481023666,41324.113,1,0.5930718,243.92607,0.5930718,true,NORMAL,SUSPICIOUS,VEHICLE_TRANSIT,0.59,0.00,-3.0238767,3.371036,10.800244,-0.949198,0.33714557,1.7084017,-0.24007004,0.45570546,-0.43127087,23.279999,-23.34,-25.38,243.92607,0,9,3,35.66667,false,"Unrealistic GPS speed reported: 224.5 km/h. | Low satellite count in fix (3 satellites)."
1789286701058,2026-09-13 11:35:01.058,35.38843546528369,51.38384378515184,233.0,12.0,62.37,148.1,35.75704373800496,51.44205481023666,41324.113,1,0.5930718,246.24782,0.5930718,true,NORMAL,SUSPICIOUS,VEHICLE_TRANSIT,0.84,0.00,-1.2282255,2.1499932,8.693346,0.42543936,-1.9175231,-0.07541084,1.2547172,-0.6383542,0.16493362,25.08,-22.859999,-23.16,246.24782,0,9,0,35.08889,false,"Unrealistic GPS speed reported: 224.5 km/h."
1789286701260,2026-09-13 11:35:01.260,35.38843546528369,51.38384378515184,233.0,12.0,62.37,148.1,35.75704373800496,51.44205481023666,41324.113,1,0.5930718,247.5169,0.5930718,true,NORMAL,SUSPICIOUS,VEHICLE_TRANSIT,0.84,0.00,-1.163582,3.6511576,7.6829934,-0.31505036,-1.1633174,-0.81825495,0.4990769,-0.12583824,0.037873644,23.82,-27.0,-23.58,247.5169,0,9,0,35.08889,false,"Unrealistic GPS speed reported: 224.5 km/h."
1789286701468,2026-09-13 11:35:01.468,35.38843546528369,51.38384378515184,233.0,12.0,62.37,148.1,35.75704373800496,51.44205481023666,41324.113,1,0.5930718,245.67398,0.5930718,true,NORMAL,SUSPICIOUS,VEHICLE_TRANSIT,0.84,0.00,0.20590134,5.389348,7.93199,-0.32512468,0.11466551,-0.3182292,-0.29565877,-0.41233405,0.20280726,20.82,-28.92,-24.42,245.67398,0,9,0,35.08889,false,"Unrealistic GPS speed reported: 224.5 km/h."
1789286701670,2026-09-13 11:35:01.670,35.38843546528369,51.38384378515184,233.0,12.0,62.37,148.1,35.75704373800496,51.44205481023666,41324.113,1,0.5930718,242.45253,0.5930718,true,NORMAL,SUSPICIOUS,VEHICLE_TRANSIT,0.20,0.00,1.4173675,5.705383,9.880871,0.47009504,0.81956434,1.4309092,-0.28038713,0.02443461,-0.009162978,18.48,-28.859999,-27.72,242.45253,0,9,0,35.08889,false,"GNSS updates delayed (3.7s since last fix). | Unrealistic GPS speed reported: 224.5 km/h."
1789286701871,2026-09-13 11:35:01.871,35.38843546528369,51.38384378515184,233.0,12.0,62.37,148.1,35.75704373800496,51.44205481023666,41324.113,1,0.5930718,244.8794,0.5930718,true,NORMAL,SUSPICIOUS,VEHICLE_TRANSIT,0.20,0.00,1.9249382,3.691859,8.310274,0.9162471,-1.0228527,-0.22930527,0.36346483,0.16676621,-0.3885103,18.48,-27.84,-28.56,244.8794,0,9,0,35.08889,false,"GNSS updates delayed (3.9s since last fix). | Unrealistic GPS speed reported: 224.5 km/h."
1789286702072,2026-09-13 11:35:02.072,35.386511189863086,51.38519863598049,202.0,9.5,62.309998,162.8,35.75704373800496,51.44205481023666,41521.004,1,0.5930718,250.23288,0.5930718,true,NORMAL,SUSPICIOUS,VEHICLE_TRANSIT,0.05,8453.86,1.328782,4.5561657,9.220071,0.1294092,-0.29239607,0.7806778,-0.008552114,0.21502456,-0.38728857,19.439999,-25.98,-29.34,250.23288,0,9,7,34.611107,false,"Sudden position jump detected: 246.7m in 4.0s. | Unrealistic GPS speed reported: 224.3 km/h."
1789286702273,2026-09-13 11:35:02.273,35.386511189863086,51.38519863598049,202.0,9.5,62.309998,162.8,35.75704373800496,51.44205481023666,41521.004,1,0.5930718,250.12259,0.5930718,true,NORMAL,SUSPICIOUS,VEHICLE_TRANSIT,0.75,13526.18,1.697489,5.932832,7.323863,0.54915714,0.4295411,-0.71140385,0.15882497,-0.013439035,-0.29749137,19.5,-27.96,-29.16,250.12259,0,9,7,34.611107,false,"Unrealistic GPS speed reported: 224.3 km/h."
1789286702473,2026-09-13 11:35:02.473,35.386511189863086,51.38519863598049,202.0,9.5,62.309998,162.8,35.75704373800496,51.44205481023666,41521.004,1,0.5930718,253.10413,0.5930718,true,NORMAL,SUSPICIOUS,VEHICLE_TRANSIT,0.75,15216.95,1.5370775,6.6367273,8.271967,0.6502453,0.7082281,0.5107298,0.096516706,0.089186326,-0.29260445,20.22,-28.019999,-27.48,253.10413,0,9,7,34.611107,false,"Unrealistic GPS speed reported: 224.3 km/h."
1789286702674,2026-09-13 11:35:02.674,35.386511189863086,51.38519863598049,202.0,9.5,62.309998,162.8,35.75704373800496,51.44205481023666,41521.004,1,0.5930718,255.66862,0.5930718,true,NORMAL,SUSPICIOUS,VEHICLE_TRANSIT,0.75,13526.18,0.40222588,6.339846,8.401254,0.05016747,0.22246885,0.74461365,-0.5674938,0.3640757,-0.31581733,22.199999,-26.88,-27.06,255.66862,0,9,7,34.611107,false,"Unrealistic GPS speed reported: 224.3 km/h."
1789286702876,2026-09-13 11:35:02.876,35.386511189863086,51.38519863598049,202.0,9.5,62.309998,162.8,35.75704373800496,51.44205481023666,41521.004,1,0.5930718,262.3921,0.5930718,true,NORMAL,SUSPICIOUS,VEHICLE_TRANSIT,0.75,8453.86,-0.15562311,3.5458126,7.443573,0.21382776,-2.0789113,-0.58116245,0.44409904,-0.028710667,-0.26511553,24.539999,-21.779999,-27.48,262.3921,0,9,8,35.466663,false,"Unrealistic GPS speed reported: 224.3 km/h."
1789286703079,2026-09-13 11:35:03.079,35.38596108555794,51.38537566177547,197.0,7.5,62.73,166.4,35.75704373800496,51.44205481023666,41579.727,1,0.5930718,266.78778,0.5930718,true,NORMAL,SUSPICIOUS,VEHICLE_TRANSIT,0.05,555.44,0.31364042,4.1683054,9.136273,0.68899786,-0.5205617,0.5313902,-0.56321776,0.22296582,-0.26328292,24.72,-19.26,-30.359999,266.78778,0,9,8,35.466663,false,"Sudden position jump detected: 63.2m in 1.0s. | Unrealistic GPS speed reported: 225.8 km/h."
1789286703281,2026-09-13 11:35:03.281,35.38596108555794,51.38537566177547,197.0,7.5,62.73,166.4,35.75704373800496,51.44205481023666,41579.727,1,0.5930718,273.54153,0.5930718,true,NORMAL,SUSPICIOUS,VEHICLE_TRANSIT,0.79,888.70,-0.92895025,4.1395745,8.063671,-0.9105002,-0.11277914,-0.7730446,-0.14538592,-0.81183994,-0.70554936,24.3,-15.24,-32.04,273.54153,0,9,8,35.466663,false,"Unrealistic GPS speed reported: 225.8 km/h."
1789286703483,2026-09-13 11:35:03.483,35.38596108555794,51.38537566177547,197.0,7.5,62.73,166.4,35.75704373800496,51.44205481023666,41579.727,1,0.5930718,281.94196,0.5930718,true,NORMAL,SUSPICIOUS,VEHICLE_TRANSIT,0.79,999.79,-0.7781156,4.2066126,9.617508,-0.6727413,0.23630667,0.65112877,-0.26267207,-0.5161811,-0.52473325,21.96,-12.3,-35.04,281.94196,0,9,8,35.466663,false,"Unrealistic GPS speed reported: 225.8 km/h."
1789286703685,2026-09-13 11:35:03.685,35.38596108555794,51.38537566177547,197.0,7.5,62.73,166.4,35.75704373800496,51.44205481023666,41579.727,1,0.5930718,286.5917,0.5930718,true,NORMAL,SUSPICIOUS,VEHICLE_TRANSIT,0.79,888.70,-0.033518825,3.359065,9.885659,-0.0854552,-0.25339818,0.7687626,-0.37140608,-0.16737708,-0.24373524,20.4,-8.5199995,-37.02,286.5917,0,9,8,35.466663,false,"Unrealistic GPS speed reported: 225.8 km/h."
1789286703886,2026-09-13 11:35:03.886,35.385388350114226,51.38550256378949,198.0,6.5,62.739998,170.1,35.75704373800496,51.44205481023666,41641.52,1,0.5930718,286.46796,0.5930718,true,NORMAL,SUSPICIOUS,VEHICLE_TRANSIT,0.05,1363.80,1.0007763,1.9895816,9.471462,0.7278375,-0.89439297,0.10243988,-0.15515977,-0.45814893,0.03726278,18.18,-5.58,-37.92,286.46796,0,9,8,38.97778,false,"Sudden position jump detected: 64.7m in 1.0s. | Unrealistic GPS speed reported: 225.9 km/h."
1789286704090,2026-09-13 11:35:04.090,35.385388350114226,51.38550256378949,198.0,6.5,62.739998,170.1,35.75704373800496,51.44205481023666,41641.52,1,0.5930718,288.9431,0.5930718,true,NORMAL,SUSPICIOUS,VEHICLE_TRANSIT,0.82,930.70,0.35194764,1.673547,8.714894,0.34479147,-0.29537642,-0.892066,-1.0519099,0.5021312,-0.21380283,18.539999,-2.76,-37.98,288.9431,0,9,8,38.97778,false,"Unrealistic GPS speed reported: 225.9 km/h."
1789286704291,2026-09-13 11:35:04.291,35.385388350114226,51.38550256378949,198.0,6.5,62.739998,170.1,35.75704373800496,51.44205481023666,41641.52,1,0.5930718,285.78162,0.5930718,true,NORMAL,SUSPICIOUS,VEHICLE_TRANSIT,0.82,1047.04,-0.22744916,1.5969325,9.5385,-0.088417664,0.39760303,-0.19354343,-0.023823744,-0.19364429,0.25717425,20.16,0.78,-35.82,285.78162,0,9,8,38.97778,false,"Unrealistic GPS speed reported: 225.9 km/h."
1789286704492,2026-09-13 11:35:04.492,35.757045,51.4420359,1377.699951171875,20.0,0.0,0.0,35.75704373800496,51.44205481023666,1.7121241,1,0.5930718,282.45584,0.5930718,true,NORMAL,SUSPICIOUS,PEDESTRIAN_WALK,0.05,240549776.00,-0.25139117,2.5330653,10.503363,-0.4581085,0.4661672,0.91923046,0.788627,0.7171558,0.08368854,18.119999,-2.7,-36.42,282.45584,0,9,8,38.97778,false,"Reported accuracy degraded: ±20.0m | Sudden position jump detected: 41641.4m in 0.5s."
1789286704696,2026-09-13 11:35:04.696,35.757045,51.4420359,1377.699951171875,20.0,0.0,0.0,35.75704436900248,51.44204535511833,0.85606205,1,0.5930718,279.31824,0.5930718,true,NORMAL,DEGRADED,PEDESTRIAN_WALK,0.52,385050240.00,0.016759412,0.8619126,8.872911,-0.08194632,-1.8974775,-0.53699875,0.103847094,1.3176364,0.376293,19.199999,-6.18,-36.12,279.31824,0,9,8,38.97778,false,"Reported accuracy degraded: ±20.0m"
1789286704898,2026-09-13 11:35:04.898,35.757045,51.4420359,1377.699951171875,20.0,0.0,0.0,35.75704468450124,51.442040627559166,0.42803103,1,0.5930718,276.2223,0.5930718,true,NORMAL,DEGRADED,PEDESTRIAN_WALK,0.52,433502592.00,-0.61052144,2.2625206,10.625467,-0.48413962,-0.41988015,1.1936522,-0.6579019,-0.02321288,0.0030543262,19.859999,-7.56,-34.92,276.2223,0,9,8,38.555557,false,"Reported accuracy degraded: ±20.0m"
1789286705099,2026-09-13 11:35:05.099,35.384767167270184,51.385602643713355,198.0,5.5,62.699997,173.7,35.75704468450124,51.442040627559166,41708.91,1,0.5930718,275.61777,0.5930718,true,NORMAL,SUSPICIOUS,VEHICLE_TRANSIT,0.05,433971296.00,-1.163582,1.8411411,9.224859,-0.18784958,-0.19791472,-0.31770802,0.1685988,-0.4538729,0.06536258,24.18,-6.54,-34.32,275.61777,0,9,8,38.555557,false,"Sudden position jump detected: 41708.9m in 0.5s. | Unrealistic GPS speed reported: 225.7 km/h."
1789286705302,2026-09-13 11:35:05.302,35.384767167270184,51.385602643713355,198.0,5.5,62.699997,173.7,35.75704468450124,51.442040627559166,41708.91,1,0.5930718,276.32605,0.5930718,true,NORMAL,SUSPICIOUS,VEHICLE_TRANSIT,0.84,434439744.00,-0.47405192,1.2449849,9.569624,0.031639546,-0.34062922,-0.09476948,-0.2003638,0.4269948,-0.71593404,22.439999,-6.06,-34.02,276.32605,0,9,8,38.555557,false,"Unrealistic GPS speed reported: 225.7 km/h."
1789286705504,2026-09-13 11:35:05.504,35.384767167270184,51.385602643713355,198.0,5.5,62.699997,173.7,35.75704468450124,51.442040627559166,41708.91,1,0.5930718,278.88943,0.5930718,true,NORMAL,SUSPICIOUS,VEHICLE_TRANSIT,0.84,434907936.00,1.6017209,-0.11252748,10.733206,1.099114,-1.5849799,1.050765,-0.44837508,-0.752586,-0.9663888,20.699999,-5.7,-36.84,278.88943,0,9,8,38.555557,false,"Unrealistic GPS speed reported: 225.7 km/h."
1789286705706,2026-09-13 11:35:05.706,35.384767167270184,51.385602643713355,198.0,5.5,62.699997,173.7,35.75704468450124,51.442040627559166,41708.91,1,0.5930718,285.21667,0.5930718,true,NORMAL,SUSPICIOUS,VEHICLE_TRANSIT,0.84,386584832.00,1.0845734,-0.45250413,9.959879,0.5528574,-0.7755314,0.17298317,-0.47769663,0.096516706,-0.30848694,18.779999,-2.34,-37.62,285.21667,0,9,8,38.555557,false,"Unrealistic GPS speed reported: 225.7 km/h."
1789286705909,2026-09-13 11:35:05.909,35.384767167270184,51.385602643713355,198.0,5.5,62.699997,173.7,35.75704468450124,51.442040627559166,41708.91,1,0.5930718,286.4147,0.5930718,true,NORMAL,SUSPICIOUS,VEHICLE_TRANSIT,0.84,241615504.00,1.2761095,-0.8762778,11.140221,-0.1336708,-0.13664979,1.4636583,-0.89736104,0.7318166,-0.018936822,16.199999,2.46,-37.5,286.4147,0,9,0,38.14444,false,"Unrealistic GPS speed reported: 225.7 km/h."
1789286706113,2026-09-13 11:35:06.113,35.384767167270184,51.385602643713355,198.0,5.5,62.699997,173.7,35.75704468450124,51.442040627559166,41708.91,1,0.5930718,280.86343,0.5930718,true,NORMAL,SUSPICIOUS,VEHICLE_TRANSIT,0.99,0.00,1.8746599,-0.7254431,8.774749,0.8261734,-0.005659342,-0.94908714,0.39828414,0.33353242,0.08002335,18.539999,4.02,-36.239998,280.86343,0,9,0,38.14444,false,"Unrealistic GPS speed reported: 225.7 km/h."
1789286706317,2026-09-13 11:35:06.317,35.384767167270184,51.385602643713355,198.0,5.5,62.699997,173.7,35.75704468450124,51.442040627559166,41708.91,1,0.5930718,277.6191,0.5930718,true,NORMAL,SUSPICIOUS,VEHICLE_TRANSIT,0.99,0.00,0.48123455,-0.7757214,10.201694,-0.37151188,-0.22651702,0.4476385,0.2919936,0.2919936,-0.37934732,19.14,3.54,-37.26,277.6191,0,9,0,38.14444,false,"Unrealistic GPS speed reported: 225.7 km/h."
1789286706519,2026-09-13 11:35:06.519,35.384767167270184,51.385602643713355,198.0,5.5,62.699997,173.7,35.75704468450124,51.442040627559166,41708.91,1,0.5930718,278.11035,0.5930718,true,NORMAL,SUSPICIOUS,VEHICLE_TRANSIT,0.99,0.00,0.48123455,0.32561144,9.952697,-0.100355685,0.41420346,0.16370869,0.29138273,-1.03786,0.2180789,19.859999,3.12,-37.62,278.11035,0,9,0,38.14444,false,"Unrealistic GPS speed reported: 225.7 km/h."
1789286706721,2026-09-13 11:35:06.721,35.384767167270184,51.385602643713355,198.0,5.5,62.699997,173.7,35.75704468450124,51.442040627559166,41708.91,1,0.5930718,279.6098,0.5930718,true,NORMAL,SUSPICIOUS,VEHICLE_TRANSIT,0.99,0.00,1.0582372,0.8810662,9.981427,-0.85961187,0.36606026,0.37793732,0.172264,0.36102137,-0.38056904,15.299999,1.68,-42.0,279.6098,0,9,0,38.14444,false,"Unrealistic GPS speed reported: 225.7 km/h."
1789286706923,2026-09-13 11:35:06.923,35.38370974827558,51.38569459319115,184.0,6.0,62.699997,180.9,35.75704468450124,51.442040627559166,41824.598,1,0.5930718,281.6972,0.5930718,true,NORMAL,SUSPICIOUS,VEHICLE_TRANSIT,0.05,1929.79,1.508347,1.2378023,9.349358,0.011830926,-0.103179574,-0.24921513,0.4343252,-0.08307768,-0.21685717,14.7,0.42,-40.5,281.6972,0,9,6,39.6,false,"Sudden position jump detected: 117.9m in 2.0s. | Unrealistic GPS speed reported: 225.7 km/h."
1789286707124,2026-09-13 11:35:07.124,35.38370974827558,51.38569459319115,184.0,6.0,62.699997,180.9,35.75704468450124,51.442040627559166,41824.598,1,0.5930718,286.51443,0.5930718,true,NORMAL,SUSPICIOUS,VEHICLE_TRANSIT,0.83,3087.66,1.0773908,1.484405,8.341399,-0.54503703,-0.3238207,-1.1595707,-0.15027285,-0.31398472,-0.34208453,14.099999,-1.0799999,-39.6,286.51443,0,9,6,39.6,false,"Unrealistic GPS speed reported: 225.7 km/h."
1789286707326,2026-09-13 11:35:07.326,35.38370974827558,51.38569459319115,184.0,6.0,62.699997,180.9,35.75704468450124,51.442040627559166,41824.598,1,0.5930718,289.01376,0.5930718,true,NORMAL,SUSPICIOUS,VEHICLE_TRANSIT,0.83,3473.61,1.6328455,2.0350714,9.586384,-0.21839643,0.8052633,0.034898758,-0.7703011,1.0677924,0.015882496,11.5199995,0.96,-40.98,289.01376,0,9,6,39.6,false,"Unrealistic GPS speed reported: 225.7 km/h."
1789286707528,2026-09-13 11:35:07.528,35.38370974827558,51.38569459319115,184.0,6.0,62.699997,180.9,35.75704468450124,51.442040627559166,41824.598,1,0.5930718,282.80798,0.5930718,true,NORMAL,SUSPICIOUS,VEHICLE_TRANSIT,0.83,3087.66,1.1659763,-1.0845734,11.724405,0.43844527,-0.5831958,1.9576397,-0.5002986,-0.48624873,0.49480084,20.16,6.12,-37.62,282.80798,0,9,6,39.6,false,"Unrealistic GPS speed reported: 225.7 km/h."
1789286707730,2026-09-13 11:35:07.730,35.38370974827558,51.38569459319115,184.0,6.0,62.699997,180.9,35.75704468450124,51.442040627559166,41824.598,1,0.5930718,276.29764,0.5930718,true,NORMAL,SUSPICIOUS,VEHICLE_TRANSIT,0.83,1929.79,-0.12928689,-0.90021986,10.18254,-1.1734312,-1.224286,0.43702126,1.2144,0.4428773,0.7672467,20.039999,2.34,-40.02,276.29764,0,9,6,39.6,false,"Unrealistic GPS speed reported: 225.7 km/h."
1789286707933,2026-09-13 11:35:07.933,35.38370974827558,51.38569459319115,184.0,6.0,62.699997,180.9,35.75704468450124,51.442040627559166,41824.598,1,0.5930718,273.83716,0.5930718,true,NORMAL,SUSPICIOUS,VEHICLE_TRANSIT,0.73,0.00,-0.6368576,-0.40701428,9.868899,-0.75395346,-1.6430057,0.14115524,-1.7556267,0.6713409,0.35308012,23.519999,-11.639999,-37.14,273.83716,0,9,3,39.17778,false,"Unrealistic GPS speed reported: 225.7 km/h. | Low satellite count in fix (3 satellites)."
1789286708136,2026-09-13 11:35:08.136,35.38370974827558,51.38569459319115,184.0,6.0,62.699997,180.9,35.75704468450124,51.442040627559166,41824.598,1,0.5930718,265.28668,0.5930718,true,NORMAL,SUSPICIOUS,VEHICLE_TRANSIT,0.73,0.00,0.2801216,0.8499416,10.352529,0.09725042,-1.3353547,0.79421234,3.258966,-0.8258898,-0.23335053,22.98,-12.179999,-29.699999,265.28668,0,9,3,39.17778,false,"Unrealistic GPS speed reported: 225.7 km/h. | Low satellite count in fix (3 satellites)."
1789286708338,2026-09-13 11:35:08.338,35.38370974827558,51.38569459319115,184.0,6.0,62.699997,180.9,35.75704468450124,51.442040627559166,41824.598,1,0.5930718,256.19705,0.5930718,true,NORMAL,SUSPICIOUS,VEHICLE_TRANSIT,0.73,0.00,1.0390835,6.8761473,7.4507556,-0.5743165,0.44073534,0.22906542,1.5131133,-1.7336355,0.39461896,15.9,-18.539999,-27.599998,256.19705,0,9,3,39.17778,false,"Unrealistic GPS speed reported: 225.7 km/h. | Low satellite count in fix (3 satellites)."
1789286708543,2026-09-13 11:35:08.543,35.38370974827558,51.38569459319115,184.0,6.0,62.699997,180.9,35.75704468450124,51.442040627559166,41824.598,1,0.5930718,251.14651,0.5930718,true,NORMAL,SUSPICIOUS,VEHICLE_TRANSIT,0.73,0.00,3.229778,8.3868885,3.3854012,1.3308523,0.3985901,-1.9766474,0.6908886,0.36041048,-0.2510656,13.08,-24.0,-28.08,251.14651,0,9,3,39.17778,false,"Unrealistic GPS speed reported: 225.7 km/h. | Low satellite count in fix (3 satellites)."
1789286708745,2026-09-13 11:35:08.745,35.38370974827558,51.38569459319115,184.0,6.0,62.699997,180.9,35.75704468450124,51.442040627559166,41824.598,1,0.5930718,262.27658,0.5930718,true,NORMAL,SUSPICIOUS,VEHICLE_TRANSIT,0.73,0.00,0.33039984,8.013393,3.8235402,-0.24377981,-0.49549675,-1.0178962,0.2724459,0.1301143,-0.2669481,18.359999,-27.0,-25.32,262.27658,0,9,3,39.17778,false,"Unrealistic GPS speed reported: 225.7 km/h. | Low satellite count in fix (3 satellites)."
1789286708948,2026-09-13 11:35:08.948,35.38370974827558,51.38569459319115,184.0,6.0,62.699997,180.9,35.75704468450124,51.442040627559166,41824.598,1,0.5930718,272.00732,0.5930718,true,NORMAL,SUSPICIOUS,VEHICLE_TRANSIT,0.73,0.00,-0.22026655,8.966286,2.5785553,-0.16844517,0.10437107,-1.6207521,0.1600467,1.4892895,-0.2968805,20.88,-28.68,-24.06,272.00732,0,9,3,38.144444,false,"Unrealistic GPS speed reported: 225.7 km/h. | Low satellite count in fix (3 satellites)."
1789286709149,2026-09-13 11:35:09.149,35.38370974827558,51.38569459319115,184.0,6.0,62.699997,180.9,35.75704468450124,51.442040627559166,41824.598,1,0.5930718,272.2619,0.5930718,true,NORMAL,SUSPICIOUS,VEHICLE_TRANSIT,0.73,0.00,0.076614454,8.3821,2.542642,0.39005905,-0.3928957,-1.82446,-0.50762904,0.49602258,0.18936823,23.76,-29.64,-21.0,272.2619,0,9,3,38.144444,false,"Unrealistic GPS speed reported: 225.7 km/h. | Low satellite count in fix (3 satellites)."
1789286709350,2026-09-13 11:35:09.350,35.38370974827558,51.38569459319115,184.0,6.0,62.699997,180.9,35.75704468450124,51.442040627559166,41824.598,1,0.5930718,277.81824,0.5930718,true,NORMAL,SUSPICIOUS,VEHICLE_TRANSIT,0.73,0.00,-0.1340753,6.588843,4.185065,0.45832217,-1.0336909,-1.9563055,-1.0262536,-0.589485,-0.17287487,25.619999,-23.64,-24.72,277.81824,0,9,3,38.144444,false,"Unrealistic GPS speed reported: 225.7 km/h. | Low satellite count in fix (3 satellites)."
1789286709553,2026-09-13 11:35:09.553,35.38370974827558,51.38569459319115,184.0,6.0,62.699997,180.9,35.75704468450124,51.442040627559166,41824.598,1,0.5930718,280.4641,0.5930718,true,NORMAL,SUSPICIOUS,PEDESTRIAN_WALK,0.73,0.00,2.1739352,3.3423057,10.000581,2.3332126,-1.744328,1.6177902,-0.47647488,-0.6731735,-1.0677924,23.64,-10.92,-27.66,280.4641,0,9,3,38.144444,false,"Unrealistic GPS speed reported: 225.7 km/h. | Low satellite count in fix (3 satellites)."
1789286709755,2026-09-13 11:35:09.755,35.38370974827558,51.38569459319115,184.0,6.0,62.699997,180.9,35.75704468450124,51.442040627559166,41824.598,1,0.5930718,287.654,0.5930718,true,NORMAL,SUSPICIOUS,VEHICLE_TRANSIT,0.73,0.00,-2.3750482,5.3941364,9.782708,-1.1293108,0.09246445,1.6272926,-0.13194689,0.11484267,0.03176499,25.5,-12.599999,-22.859999,287.654,0,9,3,38.144444,false,"Unrealistic GPS speed reported: 225.7 km/h. | Low satellite count in fix (3 satellites)."
1789286709956,2026-09-13 11:35:09.956,35.38370974827558,51.38569459319115,184.0,6.0,62.699997,180.9,35.75704468450124,51.442040627559166,41824.598,1,0.5930718,280.62735,0.5930718,true,NORMAL,SUSPICIOUS,VEHICLE_TRANSIT,0.73,0.00,-2.870648,5.4683566,8.868123,-1.1147594,-0.32367945,1.1519346,-0.028099801,0.54183745,0.62858033,26.099998,-18.6,-18.42,280.62735,0,9,3,36.366665,false,"Unrealistic GPS speed reported: 225.7 km/h. | Low satellite count in fix (3 satellites)."
1789286710158,2026-09-13 11:35:10.158,35.38370974827558,51.38569459319115,184.0,6.0,62.699997,180.9,35.75704468450124,51.442040627559166,41824.598,1,0.5930718,271.21643,0.5930718,true,NORMAL,SUSPICIOUS,VEHICLE_TRANSIT,0.73,0.00,-3.787627,7.5441294,7.285556,-1.44594,1.5097666,-0.081489086,0.07452556,-1.1661417,0.535118,28.68,-20.76,-16.56,271.21643,0,9,3,36.366665,false,"Unrealistic GPS speed reported: 225.7 km/h. | Low satellite count in fix (3 satellites)."
1789286710360,2026-09-13 11:35:10.360,35.38370974827558,51.38569459319115,184.0,6.0,62.699997,180.9,35.75704468450124,51.442040627559166,41824.598,1,0.5930718,266.82635,0.5930718,true,NORMAL,SUSPICIOUS,VEHICLE_TRANSIT,0.73,0.00,-1.8124107,6.196194,8.331821,-0.0053675175,-0.08440733,1.0202532,0.22724187,0.25717425,-0.015882496,27.779999,-22.92,-17.1,266.82635,0,9,3,36.366665,false,"Unrealistic GPS speed reported: 225.7 km/h. | Low satellite count in fix (3 satellites)."
